{
  "project_info": {
    "project_number": "1088597535090",
    "firebase_url": "https://poultry-gas-monitoring-default-rtdb.firebaseio.com",
    "project_id": "poultry-gas-monitoring",
    "storage_bucket": "poultry-gas-monitoring.appspot.com"
  },
  "client": [
    {
      "client_info": {
        "mobilesdk_app_id": "1:1088597535090:android:e519007a1585a4c45115eb",
        "android_client_info": {
          "package_name": "com.example.poultrygasmonitor"
        }
      },
      "oauth_client": [],
      "api_key": [
        {
          "current_key": "AIzaSyAUL78Mpyu4C7-VZWOCf2o1E0V4esMiDxg"
        }
      ],
      "services": {
        "appinvite_service": {
          "other_platform_oauth_client": []
        }
      }
    },
    {
      "client_info": {
        "mobilesdk_app_id": "1:1088597535090:android:7f6796582c3ce80d5115eb",
        "android_client_info": {
          "package_name": "com.gokul.poultry_monitor"
        }
      },
      "oauth_client": [],
      "api_key": [
        {
          "current_key": "AIzaSyAUL78Mpyu4C7-VZWOCf2o1E0V4esMiDxg"
        }
      ],
      "services": {
        "appinvite_service": {
          "other_platform_oauth_client": []
        }
      }
    }
  ],
  "configuration_version": "1"
}